-- ============================================================
--  StudyDash — Seed inicial de dados
--  Execute APÓS o schema.sql no SQL Editor do Supabase
-- ============================================================

-- ── Matérias ─────────────────────────────────────────────
INSERT INTO subjects (id, title, deadline, color, icon, short_name, sort_order) VALUES
  ('faculdade', 'Faculdade — Proc. Imagens & Microprocessadores', '25/06/2026', '#4c9ff0', '🎓', 'Faculdade',    1),
  ('extensao',  'Atividade Extensionista IV — Sistema de Biblioteca', '01/08/2026', '#a78bfa', '🌍', 'Extensionista', 2),
  ('hcia',      'Certificação HCIA-Datacom V2.0 — H12-811',       '30/08/2026', '#2dd4a0', '🌐', 'HCIA-Datacom', 3),
  ('ingles',    'Inglês — Leitura, Gramática e Vocabulário Técnico','30/08/2026', '#fb923c', '💬', 'Inglês',       4),
  ('linux',     'Linux Avançado — Trilha LPIC-1',                  '15/10/2026', '#facc15', '🐧', 'Linux',        5),
  ('artigo',    'Artigo Científico — Redes Wireless IEEE 802.11',  '30/10/2026', '#f472b6', '📡', 'Artigo Wireless', 6)
ON CONFLICT (id) DO NOTHING;

-- ── Grupos de tarefas ─────────────────────────────────────
-- Faculdade
INSERT INTO task_groups (id, subject_id, label, sort_order) VALUES
  ('00000000-0000-0000-0000-000000000001', 'faculdade', 'Processamento de Imagens',           1),
  ('00000000-0000-0000-0000-000000000002', 'faculdade', 'Microprocessadores/Microcontroladores',2),
-- Extensionista
  ('00000000-0000-0000-0000-000000000010', 'extensao',  'Fase I — Levantamento',              1),
  ('00000000-0000-0000-0000-000000000011', 'extensao',  'Fase II — Projeto (UML)',            2),
  ('00000000-0000-0000-0000-000000000012', 'extensao',  'Fase III — Análise',                 3),
  ('00000000-0000-0000-0000-000000000013', 'extensao',  'Fase IV — Implementação',            4),
-- HCIA
  ('00000000-0000-0000-0000-000000000020', 'hcia', 'Dom. 1 — Data Communication Basics (10%)',1),
  ('00000000-0000-0000-0000-000000000021', 'hcia', 'Dom. 2 — Ethernet Technology (20%) ⭐⭐⭐',2),
  ('00000000-0000-0000-0000-000000000022', 'hcia', 'Dom. 3 — IP Technology (25%) ⭐⭐⭐⭐',   3),
  ('00000000-0000-0000-0000-000000000023', 'hcia', 'Dom. 4 — Network Security & Services (15%)',4),
  ('00000000-0000-0000-0000-000000000024', 'hcia', 'Dom. 5 — Data Center Basics (5%)',        5),
  ('00000000-0000-0000-0000-000000000025', 'hcia', 'Dom. 6 — WLAN Technology (10%)',          6),
  ('00000000-0000-0000-0000-000000000026', 'hcia', 'Dom. 7 — O&M e Troubleshooting (10%)',    7),
  ('00000000-0000-0000-0000-000000000027', 'hcia', 'Dom. 8 — Campus Networking (5%)',         8),
  ('00000000-0000-0000-0000-000000000028', 'hcia', 'Simulados e Revisão Final',               9),
-- Inglês
  ('00000000-0000-0000-0000-000000000030', 'ingles', 'Tempos Verbais Essenciais',  1),
  ('00000000-0000-0000-0000-000000000031', 'ingles', 'Gramática Prática',          2),
  ('00000000-0000-0000-0000-000000000032', 'ingles', 'Leitura e Vocabulário Técnico',3),
  ('00000000-0000-0000-0000-000000000033', 'ingles', 'Prática e Revisão',          4),
-- Linux
  ('00000000-0000-0000-0000-000000000040', 'linux', 'Fase 1 — Fundamentos (Semanas 1–8)',        1),
  ('00000000-0000-0000-0000-000000000041', 'linux', 'Fase 2 — Administração (Semanas 9–16)',     2),
  ('00000000-0000-0000-0000-000000000042', 'linux', 'Fase 3 — Redes e Serviços (Semanas 17–24)',3),
  ('00000000-0000-0000-0000-000000000043', 'linux', 'Fase 4 — Segurança e Hardening (Semanas 25–32)',4),
  ('00000000-0000-0000-0000-000000000044', 'linux', 'Simulados LPIC-1',                         5),
-- Artigo
  ('00000000-0000-0000-0000-000000000050', 'artigo', 'Seção 1–2 — Fundamentação Teórica',         1),
  ('00000000-0000-0000-0000-000000000051', 'artigo', 'Seção 3 — Fatores de Degradação',           2),
  ('00000000-0000-0000-0000-000000000052', 'artigo', 'Seção 4 — Metodologia dos Testes',          3),
  ('00000000-0000-0000-0000-000000000053', 'artigo', 'Seção 5–7 — Resultados, Soluções e Conclusão',4)
ON CONFLICT (id) DO NOTHING;

-- ── Tarefas ───────────────────────────────────────────────
INSERT INTO tasks (id, subject_id, group_id, text, sort_order) VALUES
-- Faculdade - Proc Imagens
  ('f1','faculdade','00000000-0000-0000-0000-000000000001','Conceitos Iniciais — fundamentos de imagens digitais',1),
  ('f2','faculdade','00000000-0000-0000-0000-000000000001','Histograma — análise e equalização',2),
  ('f3','faculdade','00000000-0000-0000-0000-000000000001','Operações — transformações espaciais e filtros',3),
  ('f4','faculdade','00000000-0000-0000-0000-000000000001','Cores — modelos RGB, HSV, CMYK',4),
  ('f5','faculdade','00000000-0000-0000-0000-000000000001','Preliminares matemáticas — álgebra linear aplicada',5),
  ('f6','faculdade','00000000-0000-0000-0000-000000000001','Morfologia — erosão, dilatação, abertura, fechamento',6),
-- Faculdade - Micro
  ('f7', 'faculdade','00000000-0000-0000-0000-000000000002','Conceitos basilares e memória',1),
  ('f8', 'faculdade','00000000-0000-0000-0000-000000000002','Sistema computacional básico',2),
  ('f9', 'faculdade','00000000-0000-0000-0000-000000000002','Microprocessadores — arquitetura e funcionamento',3),
  ('f10','faculdade','00000000-0000-0000-0000-000000000002','Microcontroladores — visão geral',4),
  ('f11','faculdade','00000000-0000-0000-0000-000000000002','Microcontroladores 8051, ARM, etc.',5),
  ('f12','faculdade','00000000-0000-0000-0000-000000000002','Microcontroladores PIC',6),
  ('f13','faculdade','00000000-0000-0000-0000-000000000002','Conjunto de instruções básicas do PIC',7),
  ('f14','faculdade','00000000-0000-0000-0000-000000000002','Programação do PIC',8),
  ('f15','faculdade','00000000-0000-0000-0000-000000000002','Operações com dispositivos de I/O',9),
  ('f16','faculdade','00000000-0000-0000-0000-000000000002','Interrupção',10),
  ('f17','faculdade','00000000-0000-0000-0000-000000000002','Ambientes de desenvolvimento (IDE), Simuladores e Gravadores',11),
-- Extensionista
  ('e1','extensao','00000000-0000-0000-0000-000000000010','Escolher setor e biblioteca pública alvo',1),
  ('e2','extensao','00000000-0000-0000-0000-000000000010','Justificar ODS 4 escolhido (texto justificativo)',2),
  ('e3','extensao','00000000-0000-0000-0000-000000000010','Visitar/contatar biblioteca — levantar necessidades',3),
  ('e4','extensao','00000000-0000-0000-0000-000000000010','Identificar problemas: controle de atrasos, consulta remota',4),
  ('e5','extensao','00000000-0000-0000-0000-000000000010','Pesquisar tecnologias (PHP/MySQL, Python/SQLite…)',5),
  ('e6','extensao','00000000-0000-0000-0000-000000000010','Escrever e postar Proposta de Tema (.pdf no AVA)',6),
  ('e7','extensao','00000000-0000-0000-0000-000000000011','Diagrama de Casos de Uso (cidadão, bibliotecário, admin)',1),
  ('e8','extensao','00000000-0000-0000-0000-000000000011','Diagrama de Classes (Livro, Usuário, Empréstimo, Biblioteca)',2),
  ('e9','extensao','00000000-0000-0000-0000-000000000011','Diagrama de Sequência (fluxo empréstimo/devolução)',3),
  ('e10','extensao','00000000-0000-0000-0000-000000000011','Diagrama de Atividades (consulta online)',4),
  ('e11','extensao','00000000-0000-0000-0000-000000000011','Arquitetura do sistema (front, back, BD)',5),
  ('e12','extensao','00000000-0000-0000-0000-000000000011','Wireframes das telas principais (Figma ou esboço)',6),
  ('e13','extensao','00000000-0000-0000-0000-000000000012','Criar repositório público no GitHub',1),
  ('e14','extensao','00000000-0000-0000-0000-000000000012','Definir métricas (livros cadastrados, empréstimos/mês)',2),
  ('e15','extensao','00000000-0000-0000-0000-000000000012','Plano de gerenciamento de configuração (versões, backup)',3),
  ('e16','extensao','00000000-0000-0000-0000-000000000013','Configurar ambiente (XAMPP ou Flask + VS Code + Git)',1),
  ('e17','extensao','00000000-0000-0000-0000-000000000013','Criar banco de dados (livros, usuarios, emprestimos, bibliotecas)',2),
  ('e18','extensao','00000000-0000-0000-0000-000000000013','Módulo público — consulta de livros sem login',3),
  ('e19','extensao','00000000-0000-0000-0000-000000000013','Módulo administrativo — login, CRUD livros/usuários',4),
  ('e20','extensao','00000000-0000-0000-0000-000000000013','Controle de empréstimos (retirada, devolução, atraso)',5),
  ('e21','extensao','00000000-0000-0000-0000-000000000013','Aba de informações (horário, localização, mapa)',6),
  ('e22','extensao','00000000-0000-0000-0000-000000000013','Testar com dados reais (mín. 10 livros, 5 usuários)',7),
  ('e23','extensao','00000000-0000-0000-0000-000000000013','Coletar feedback do bibliotecário (e-mail/áudio/depoimento)',8),
  ('e24','extensao','00000000-0000-0000-0000-000000000013','Redigir Trabalho Final (.pdf, máx. 10 páginas) e postar no AVA',9),
-- HCIA
  ('h1','hcia','00000000-0000-0000-0000-000000000020','Modelos OSI e TCP/IP: funções e encapsulamento',1),
  ('h2','hcia','00000000-0000-0000-0000-000000000020','TCP vs UDP: flags, three-way handshake',2),
  ('h3','hcia','00000000-0000-0000-0000-000000000020','Componentes de rede: hub, switch, roteador, firewall',3),
  ('h4','hcia','00000000-0000-0000-0000-000000000020','Modos de transmissão: simplex, half-duplex, full-duplex',4),
  ('h5','hcia','00000000-0000-0000-0000-000000000020','WAN: PPP, PPPoE — visão geral',5),
  ('h6','hcia','00000000-0000-0000-0000-000000000021','Frame Ethernet IEEE 802.3: estrutura campo a campo',1),
  ('h7','hcia','00000000-0000-0000-0000-000000000021','Endereçamento MAC: unicast, multicast, broadcast',2),
  ('h8','hcia','00000000-0000-0000-0000-000000000021','Switches: tabela MAC, flooding, forwarding, filtering',3),
  ('h9','hcia','00000000-0000-0000-0000-000000000021','VLANs: conceito, IEEE 802.1Q, Access vs Trunk',4),
  ('h10','hcia','00000000-0000-0000-0000-000000000021','Inter-VLAN Routing (Router-on-a-Stick)',5),
  ('h11','hcia','00000000-0000-0000-0000-000000000021','STP: eleição Root Bridge, estados de porta, RSTP',6),
  ('h12','hcia','00000000-0000-0000-0000-000000000021','Link Aggregation / Eth-Trunk: LACP, redundância',7),
  ('h13','hcia','00000000-0000-0000-0000-000000000022','Endereçamento IPv4: classes A/B/C, CIDR, VLSM',1),
  ('h14','hcia','00000000-0000-0000-0000-000000000022','Subnetting: network, broadcast, primeiro/último host',2),
  ('h15','hcia','00000000-0000-0000-0000-000000000022','Roteamento estático e default route (0.0.0.0/0)',3),
  ('h16','hcia','00000000-0000-0000-0000-000000000022','OSPF: algoritmo SPF/Dijkstra, tipos de rede',4),
  ('h17','hcia','00000000-0000-0000-0000-000000000022','OSPF: DR/BDR, LSAs Type 1/2/3/5, adjacência',5),
  ('h18','hcia','00000000-0000-0000-0000-000000000022','OSPF multi-área: Area 0, Stub, NSSA, ABR',6),
  ('h19','hcia','00000000-0000-0000-0000-000000000022','BGP: eBGP vs iBGP, AS Numbers — visão geral',7),
  ('h20','hcia','00000000-0000-0000-0000-000000000022','IPv6: estrutura 128 bits, tipos de endereço, dual-stack',8),
  ('h21','hcia','00000000-0000-0000-0000-000000000023','ACL Standard e Extended: wildcard mask, top-down',1),
  ('h22','hcia','00000000-0000-0000-0000-000000000023','NAT: Static, Dynamic e PAT/Overload',2),
  ('h23','hcia','00000000-0000-0000-0000-000000000023','DHCP: processo DORA, Relay Agent, Snooping',3),
  ('h24','hcia','00000000-0000-0000-0000-000000000023','AAA: RADIUS vs TACACS+ (conceitos)',4),
  ('h25','hcia','00000000-0000-0000-0000-000000000023','Portas: DNS(53), FTP(20/21), HTTP(80), HTTPS(443), NTP(123)',5),
  ('h26','hcia','00000000-0000-0000-0000-000000000024','Spine-Leaf vs Core-Aggregation-Access',1),
  ('h27','hcia','00000000-0000-0000-0000-000000000024','SDN/NFV: plano de controle vs dados, VxLAN',2),
  ('h28','hcia','00000000-0000-0000-0000-000000000025','Frequências 2.4 GHz vs 5 GHz; padrões 802.11n/ac/ax',1),
  ('h29','hcia','00000000-0000-0000-0000-000000000025','Fat AP vs Fit AP + AC; processo Probe → Auth → Association',2),
  ('h30','hcia','00000000-0000-0000-0000-000000000025','Segurança: WEP, WPA, WPA2-PSK, WPA2-Enterprise, WPA3',3),
  ('h31','hcia','00000000-0000-0000-0000-000000000026','VRP Huawei: modos User/System/Interface, comandos display/undo',1),
  ('h32','hcia','00000000-0000-0000-0000-000000000026','SNMP v2c vs v3; Syslog níveis 0-7; NTP',2),
  ('h33','hcia','00000000-0000-0000-0000-000000000026','Troubleshooting camada por camada (L1→L7)',3),
  ('h34','hcia','00000000-0000-0000-0000-000000000027','Arquitetura Core → Distribution → Access: funções de cada camada',1),
  ('h35','hcia','00000000-0000-0000-0000-000000000027','Design hierárquico e redundância de campus',2),
  ('h36','hcia','00000000-0000-0000-0000-000000000028','Simulado completo 1 (90 min, score ≥ 600)',1),
  ('h37','hcia','00000000-0000-0000-0000-000000000028','Simulado completo 2 (90 min, score ≥ 600)',2),
  ('h38','hcia','00000000-0000-0000-0000-000000000028','Revisão de domínios com maior erro',3),
-- Inglês
  ('i1','ingles','00000000-0000-0000-0000-000000000030','Present Simple — uso, estrutura, exercícios de rotina',1),
  ('i2','ingles','00000000-0000-0000-0000-000000000030','Present Continuous — ações em progresso vs hábitos',2),
  ('i3','ingles','00000000-0000-0000-0000-000000000030','Past Simple — regulares e irregulares (50 verbos)',3),
  ('i4','ingles','00000000-0000-0000-0000-000000000030','Present Perfect — have/has + particípio, for/since',4),
  ('i5','ingles','00000000-0000-0000-0000-000000000030','Past Continuous — was/were + -ing, contextos de uso',5),
  ('i6','ingles','00000000-0000-0000-0000-000000000031','Preposições de tempo (in/on/at) e lugar',1),
  ('i7','ingles','00000000-0000-0000-0000-000000000031','Modal Verbs: can/could, should, must, would, may/might',2),
  ('i8','ingles','00000000-0000-0000-0000-000000000031','Phrasal Verbs comuns (get up, look for, set up, run out of…)',3),
  ('i9','ingles','00000000-0000-0000-0000-000000000031','Relative Clauses — who, which, that',4),
  ('i10','ingles','00000000-0000-0000-0000-000000000031','Conditional Type 0, 1 e 2',5),
  ('i11','ingles','00000000-0000-0000-0000-000000000032','Leitura de artigos técnicos simples (newsinlevels.com — nível 2)',1),
  ('i12','ingles','00000000-0000-0000-0000-000000000032','Vocabulário de redes: routing, switching, protocol, packet…',2),
  ('i13','ingles','00000000-0000-0000-0000-000000000032','Ler seções do livro Huawei (HCIA) diretamente em inglês',3),
  ('i14','ingles','00000000-0000-0000-0000-000000000032','Ler RFCs selecionadas (OSPF RFC 2328 seções 1-3)',4),
  ('i15','ingles','00000000-0000-0000-0000-000000000033','Criar vocabulário de 500+ palavras (flashcards Anki)',1),
  ('i16','ingles','00000000-0000-0000-0000-000000000033','Escrever parágrafos técnicos semanalmente (200+ palavras)',2),
  ('i17','ingles','00000000-0000-0000-0000-000000000033','Assistir 1 vídeo/semana em inglês técnico (TED-Ed, Cisco, Huawei)',3),
-- Linux
  ('l1','linux','00000000-0000-0000-0000-000000000040','Shell bash: estrutura, navegação, redirecionamento, pipes',1),
  ('l2','linux','00000000-0000-0000-0000-000000000040','Permissões POSIX: chmod, chown, bits especiais (SUID/GUID)',2),
  ('l3','linux','00000000-0000-0000-0000-000000000040','Busca e processamento de texto: grep, sed, awk',3),
  ('l4','linux','00000000-0000-0000-0000-000000000040','Arquitetura e FHS: estrutura de diretórios Linux',4),
  ('l5','linux','00000000-0000-0000-0000-000000000040','Processos e gerenciamento de processos (ps, top, kill)',5),
  ('l6','linux','00000000-0000-0000-0000-000000000040','Shell scripting básico — variáveis, condicionais, loops',6),
  ('l7','linux','00000000-0000-0000-0000-000000000041','Gerenciamento de pacotes: RPM, DPKG, YUM, APT',1),
  ('l8','linux','00000000-0000-0000-0000-000000000041','Gerenciamento de usuários e grupos',2),
  ('l9','linux','00000000-0000-0000-0000-000000000041','Automação: cron jobs e systemd timers',3),
  ('l10','linux','00000000-0000-0000-0000-000000000041','Backup e restore — tar, rsync, estratégias',4),
  ('l11','linux','00000000-0000-0000-0000-000000000041','Monitoramento de sistema e logs (journalctl, syslog)',5),
  ('l12','linux','00000000-0000-0000-0000-000000000041','Systemd: units, targets, gerenciamento de serviços',6),
  ('l13','linux','00000000-0000-0000-0000-000000000042','Configuração de interfaces de rede (ifconfig, ip command)',1),
  ('l14','linux','00000000-0000-0000-0000-000000000042','DNS em Linux: bind, configuração de zona',2),
  ('l15','linux','00000000-0000-0000-0000-000000000042','DHCP servidor e cliente em Linux',3),
  ('l16','linux','00000000-0000-0000-0000-000000000042','Firewall: iptables e firewalld — regras e NAT',4),
  ('l17','linux','00000000-0000-0000-0000-000000000042','Ferramentas de diagnóstico: tcpdump, netstat, ss, dig',5),
  ('l18','linux','00000000-0000-0000-0000-000000000042','VPN: OpenVPN e IPSec (conceitos e configuração básica)',6),
  ('l19','linux','00000000-0000-0000-0000-000000000043','SSH seguro: chaves, configuração, desabilitar root login',1),
  ('l20','linux','00000000-0000-0000-0000-000000000043','sudo e sudoers: controle de acesso granular',2),
  ('l21','linux','00000000-0000-0000-0000-000000000043','SELinux e AppArmor: contextos e políticas',3),
  ('l22','linux','00000000-0000-0000-0000-000000000043','PAM (Pluggable Authentication Modules)',4),
  ('l23','linux','00000000-0000-0000-0000-000000000043','Auditoria e logging de segurança',5),
  ('l24','linux','00000000-0000-0000-0000-000000000043','Hardening: desabilitar serviços desnecessários, banir IPs',6),
  ('l25','linux','00000000-0000-0000-0000-000000000044','Simulado exame 101-500 (objetivo: ≥ 500 pts)',1),
  ('l26','linux','00000000-0000-0000-0000-000000000044','Simulado exame 102-500 (objetivo: ≥ 500 pts)',2),
-- Artigo
  ('a1','artigo','00000000-0000-0000-0000-000000000050','Redigir Introdução: contexto, problema, objetivo do artigo',1),
  ('a2','artigo','00000000-0000-0000-0000-000000000050','Padrões IEEE 802.11: b/g/n/ac/ax — evolução e características',2),
  ('a3','artigo','00000000-0000-0000-0000-000000000050','CSMA/CA, hidden node problem e overhead de protocolo',3),
  ('a4','artigo','00000000-0000-0000-0000-000000000050','Frequências 2.4 GHz vs 5 GHz vs 6 GHz: alcance, interferência',4),
  ('a5','artigo','00000000-0000-0000-0000-000000000051','Matriz de degradação × solução (tabela comparativa)',1),
  ('a6','artigo','00000000-0000-0000-0000-000000000051','Efeito de obstáculos: drywall, concreto, vidro, espelho',2),
  ('a7','artigo','00000000-0000-0000-0000-000000000051','Interferências: micro-ondas, Bluetooth, redes vizinhas',3),
  ('a8','artigo','00000000-0000-0000-0000-000000000051','Impacto do número de STAs no throughput agregado',4),
  ('a9','artigo','00000000-0000-0000-0000-000000000052','Definir ambiente: controlado (< 3 SSIDs) e realístico (8–15 SSIDs)',1),
  ('a10','artigo','00000000-0000-0000-0000-000000000052','Configurar ferramentas: iperf3, Wireshark, NetSpot/Ekahau',2),
  ('a11','artigo','00000000-0000-0000-0000-000000000052','Cenário 1 — Baseline: LOS, canal fixo 5 GHz 80 MHz',3),
  ('a12','artigo','00000000-0000-0000-0000-000000000052','Cenário 2 — Distância e obstáculos (2m, 10m, 20m)',4),
  ('a13','artigo','00000000-0000-0000-0000-000000000052','Cenário 3 — Múltiplos clientes (1, 3, 6, 10 STAs)',5),
  ('a14','artigo','00000000-0000-0000-0000-000000000052','Cenário 4 — Interferência controlada (micro-ondas, 2.4 vs 5 GHz)',6),
  ('a15','artigo','00000000-0000-0000-0000-000000000052','Cenário 5 — Caso real do provedor: diagnóstico e solução',7),
  ('a16','artigo','00000000-0000-0000-0000-000000000053','Tabela de resultados: RSSI, SNR, Throughput, Perda, Latência',1),
  ('a17','artigo','00000000-0000-0000-0000-000000000053','Análise estatística: média, desvio padrão, IC 95%',2),
  ('a18','artigo','00000000-0000-0000-0000-000000000053','Seção de soluções modernas: BSS Coloring, Mesh, OFDMA, MU-MIMO',3),
  ('a19','artigo','00000000-0000-0000-0000-000000000053','Redigir Conclusão com recomendações para provedores',4),
  ('a20','artigo','00000000-0000-0000-0000-000000000053','Formatar referências (IEEE 802.11, RFCs, livros técnicos)',5),
  ('a21','artigo','00000000-0000-0000-0000-000000000053','Revisão final, formatação e submissão',6)
ON CONFLICT (id) DO NOTHING;

-- ── Foco padrão do cronograma ─────────────────────────────
INSERT INTO schedule_focus (day, focus_text) VALUES
  ('Segunda',  'Faculdade (Proc. Imagens) + HCIA Dom. 3 (IP/Subnetting)'),
  ('Terça',    'Extensionista (Implementação) + Inglês (gramática)'),
  ('Quarta',   'Faculdade (Micro/PIC) + HCIA Dom. 2 (Ethernet/STP)'),
  ('Quinta',   'HCIA Dom. 4 (ACL/NAT/DHCP) + Linux Fase 1 ou 2'),
  ('Sexta',    'Faculdade (revisão semanal) + Inglês (leitura técnica)'),
  ('Sábado',   'Extensionista (UML/código) + Artigo Wireless + Linux Fase 3'),
  ('Domingo',  'HCIA revisão + simulado parcial + Artigo (escrita)')
ON CONFLICT (day) DO NOTHING;
